doc_id,category,text
1,Cong_nghe,"Trí tuệ nhân tạo đang làm thay đổi căn bản cách thức vận hành của nhiều ngành công nghiệp hiện đại. Các mô hình học sâu giúp tự động hóa quá trình xử lý dữ liệu lớn và nâng cao hiệu suất làm việc của doanh nghiệp. Trong tương lai, AI sẽ tiếp tục đóng vai trò then chốt trong cuộc cách mạng số toàn cầu."
2,Cong_nghe,"Thế hệ điện thoại thông minh mới được tích hợp vi xử lý bán dẫn tiến trình 3 nanomet tiên tiến. Thiết bị này mang lại hiệu năng xử lý đồ họa vượt trội đồng thời tiết kiệm pin đáng kể cho người dùng. Khách hàng đánh giá rất cao khả năng kết nối mạng vệ tinh khẩn cấp của dòng máy cao cấp này."
3,The_thao,"Đội tuyển bóng đá nam quốc gia vừa giành chiến thắng thuyết phục trong trận đấu giao hữu quốc tế. Các cầu thủ trẻ đã thể hiện lối chơi kỷ luật, gắn kết và tuân thủ chặt chẽ đấu pháp chiến thuật của huấn luyện viên. Người hâm mộ kỳ vọng đội tuyển sẽ tiếp tục duy trì phong độ ấn tượng này ở các giải đấu khu vực sắp tới."
4,The_thao,"Giải chạy marathon quốc tế thu hút hàng nghìn vận động viên chuyên nghiệp và phong trào tham gia tranh tài. Cung đường chạy đi qua nhiều địa danh lịch sử nổi tiếng tạo nên trải nghiệm văn hóa thể thao vô cùng độc đáo. Sự kiện góp phần lan tỏa mạnh mẽ tinh thần rèn luyện sức khỏe trong cộng đồng."
5,Kinh_te,"Tăng trưởng kinh tế quý này ghi nhận mức tăng ấn tượng nhờ vào đà phục hồi mạnh mẽ của khu vực sản xuất và xuất khẩu. Kim ngạch thương mại hai chiều với các đối tác chiến lược tiếp tục thiết lập những kỷ lục mới. Các chuyên gia kinh tế dự báo chỉ số giá tiêu dùng sẽ duy trì ổn định đến cuối năm."
6,Kinh_te,"Ngân hàng trung ương quyết định điều chỉnh giảm nhẹ lãi suất điều hành nhằm hỗ trợ doanh nghiệp tiếp cận nguồn vốn giá rẻ. Thị trường bất động sản và chứng khoán phản ứng tích cực với những gói tín dụng ưu đãi mới được công bố. Dòng tiền đầu tư đang dần quay trở lại các kênh sản xuất kinh doanh thực chất."
7,Giao_duc,"Các trường đại học đang đẩy mạnh chuyển đổi số trong công tác giảng dạy và quản lý sinh viên. Hệ thống bài giảng điện tử và thư viện số trực tuyến giúp người học chủ động tiếp cận nguồn tri thức phong phú mọi lúc mọi nơi. Phương pháp học tập kết hợp này nâng cao rõ rệt sự tương tác và khả năng tự nghiên cứu."
8,Giao_duc,"Bộ Giáo dục và Đào tạo công bố phương án đổi mới cấu trúc đề thi tốt nghiệp trung học phổ thông từ năm học mới. Đề thi mẫu tập trung đánh giá năng lực tư duy logic và kỹ năng giải quyết vấn đề thay vì ghi nhớ máy móc. Sự điều chỉnh này nhận được nhiều phản hồi tích cực từ phía giáo viên và học sinh trên cả nước."
9,Y_te,"Bộ Y tế khuyến cáo người dân chủ động tiêm phòng vaccine đầy đủ để ngăn ngừa các đợt bùng phát dịch bệnh truyền nhiễm. Các bệnh viện tuyến đầu đã chuẩn bị sẵn sàng thuốc men, vật tư và trang thiết bị hồi sức cấp cứu hiện đại. Ý thức phòng ngừa và kiểm tra sức khỏe định kỳ đóng vai trò quyết định trong việc bảo vệ cộng đồng."
10,Y_te,"Chế độ dinh dưỡng cân bằng và lành mạnh giúp tăng cường hệ miễn dịch tự nhiên của cơ thể. Bác sĩ khuyên mọi người nên bổ sung nhiều rau xanh, trái cây tươi kết hợp với việc uống đủ nước và ngủ đủ giấc. Lối sống khoa học này giúp giảm thiểu nguy cơ mắc các bệnh tim mạch và tiểu đường mạn tính."
